experiment,feature_count,train_end,validation_years,validation_MAE_usd,validation_RMSE_usd,validation_R2
without_production_company_previous_max_revenue,37,2019,2020-2021,39989862.3067,103193795.4210,0.5132
recommended_reduced_model,35,2019,2020-2021,40000020.7237,102729465.5042,0.5176
without_company_count,37,2019,2020-2021,40205075.7065,103482075.2670,0.5105
without_primary_genre,37,2019,2020-2021,40353177.4954,103446734.0329,0.5108
without_franchise_previous_movie_count,37,2019,2020-2021,40445662.3540,104390759.1504,0.5018
without_franchise_previous_avg_revenue,37,2019,2020-2021,40472315.9269,104305539.6675,0.5026
without_franchise_previous_last_revenue,37,2019,2020-2021,40574244.3664,104735482.7640,0.4985
without_franchise_previous_median_revenue,37,2019,2020-2021,40637342.6418,104727529.2407,0.4986
without_production_company_previous_avg_revenue,37,2019,2020-2021,40721115.9504,103626741.4122,0.5091
without_cast_previous_avg_revenue,37,2019,2020-2021,40772862.1805,104240737.6613,0.5033
without_release_season,37,2019,2020-2021,40778387.4888,105213092.9337,0.4940
without_release_month,37,2019,2020-2021,40812338.6478,104222505.7573,0.5034
without_original_language,37,2019,2020-2021,40832322.2242,105426910.4187,0.4919
without_franchise_previous_latest_success,37,2019,2020-2021,40913439.4669,104277371.6156,0.5029
without_director_previous_success_rate,37,2019,2020-2021,40933672.6514,105576052.3570,0.4905
without_is_summer_release,37,2019,2020-2021,41123691.3582,105024479.0351,0.4958
without_cast_previous_success_rate,37,2019,2020-2021,41146253.3700,105076056.2502,0.4953
without_cast_size_top10,37,2019,2020-2021,41177926.2706,106310948.5986,0.4833
without_country_count,37,2019,2020-2021,41225172.0186,106872680.1169,0.4779
without_is_sequel,37,2019,2020-2021,41227640.2136,105978603.6405,0.4866
without_production_company_previous_success_rate,37,2019,2020-2021,41230463.3337,104934303.0451,0.4966
without_franchise_previous_success_rate,37,2019,2020-2021,41251084.5390,105137081.9869,0.4947
without_director_previous_max_revenue,37,2019,2020-2021,41266705.1296,106600478.1237,0.4805
without_franchise_previous_max_revenue,37,2019,2020-2021,41278702.3000,106246554.0299,0.4840
without_director_previous_avg_revenue,37,2019,2020-2021,41281599.5230,105706360.2771,0.4892
full_model,38,2019,2020-2021,41319157.8222,106402934.3472,0.4824
without_cast_previous_max_revenue,37,2019,2020-2021,41444159.6952,106573592.1575,0.4808
without_release_year,37,2019,2020-2021,41453532.4817,105985096.0164,0.4865
without_log_budget_usd,37,2019,2020-2021,41458502.8342,106321646.3243,0.4832
without_cast_previous_movie_count,37,2019,2020-2021,41516510.7019,106841687.6429,0.4782
without_budget_usd,37,2019,2020-2021,41530474.0420,106636728.9172,0.4802
without_director_previous_movie_count,37,2019,2020-2021,41597347.6806,105369755.5764,0.4924
without_director_history,33,2019,2020-2021,41621393.0390,106861975.0538,0.4780
without_company_history,34,2019,2020-2021,41786541.2660,106420958.7372,0.4823
without_cast_previous_avg_rating,37,2019,2020-2021,41848426.6268,110042089.6161,0.4464
without_franchise_previous_avg_rating,37,2019,2020-2021,41916401.1302,107646689.0359,0.4703
without_production_company_previous_movie_count,37,2019,2020-2021,41982740.9573,107735474.8478,0.4694
without_runtime_minutes,37,2019,2020-2021,41997079.6063,107392732.2032,0.4728
without_franchise_history,30,2019,2020-2021,42041825.4434,108552283.5535,0.4613
without_is_holiday_release,37,2019,2020-2021,42082145.7241,107219939.7662,0.4745
without_genre_count,37,2019,2020-2021,42100502.8717,108096546.4304,0.4658
without_cast_history,33,2019,2020-2021,42102080.5639,111036294.4153,0.4364
without_director_previous_avg_rating,37,2019,2020-2021,42210609.2270,107589986.9104,0.4708
basic_features_only,13,2019,2020-2021,45481865.4338,118491007.0246,0.3582
budget_and_history,14,2019,2020-2021,48672159.5376,124822432.6457,0.2877
without_is_franchise,37,2019,2020-2021,50353783.4001,129522362.8408,0.2331
without_runtime_minutes,37,2015,2016-2017,58552927.6152,127093660.0671,0.6710
without_franchise_previous_max_revenue,37,2015,2016-2017,58637175.1707,128453028.4133,0.6639
without_director_history,33,2015,2016-2017,58654539.8782,128230813.9074,0.6651
without_log_budget_usd,37,2015,2016-2017,58655017.9860,129363901.6487,0.6591
without_budget_usd,37,2015,2016-2017,58711939.8623,129535440.1051,0.6582
without_franchise_previous_movie_count,37,2015,2016-2017,58752135.0205,128700765.3612,0.6626
without_franchise_previous_median_revenue,37,2015,2016-2017,58806068.0915,129249126.6398,0.6598
without_franchise_previous_last_revenue,37,2015,2016-2017,58825073.6783,128776962.7074,0.6622
without_franchise_previous_avg_revenue,37,2015,2016-2017,58878852.7416,128985619.2938,0.6611
without_franchise_history,30,2015,2016-2017,58890513.4142,130036078.7889,0.6556
without_release_season,37,2015,2016-2017,58898980.3716,129182592.7684,0.6601
without_country_count,37,2015,2016-2017,58985856.7174,128730668.5005,0.6625
without_cast_previous_avg_revenue,37,2015,2016-2017,58996472.6811,129654999.2908,0.6576
without_director_previous_movie_count,37,2015,2016-2017,59036566.8194,129347513.0074,0.6592
without_director_previous_avg_revenue,37,2015,2016-2017,59042730.5060,129528569.6529,0.6583
without_is_summer_release,37,2015,2016-2017,59071236.5537,129672056.2233,0.6575
without_franchise_previous_avg_rating,37,2015,2016-2017,59075906.6177,129733299.3194,0.6572
without_director_previous_max_revenue,37,2015,2016-2017,59081194.5767,129788725.5741,0.6569
without_director_previous_success_rate,37,2015,2016-2017,59092430.2347,130200905.5847,0.6547
without_cast_previous_max_revenue,37,2015,2016-2017,59119697.1010,129740929.3737,0.6572
without_franchise_previous_success_rate,37,2015,2016-2017,59189140.9305,129800790.9651,0.6568
without_is_holiday_release,37,2015,2016-2017,59198922.3844,129281494.9169,0.6596
without_release_year,37,2015,2016-2017,59283018.9420,129593050.3182,0.6579
without_production_company_previous_max_revenue,37,2015,2016-2017,59302768.1391,130543803.6225,0.6529
without_genre_count,37,2015,2016-2017,59311672.5040,129876739.0923,0.6564
without_cast_size_top10,37,2015,2016-2017,59333183.6570,129847468.4766,0.6566
without_franchise_previous_latest_success,37,2015,2016-2017,59344701.2233,129744547.0182,0.6571
without_company_count,37,2015,2016-2017,59380895.3689,129674435.6136,0.6575
without_release_month,37,2015,2016-2017,59427985.0512,130351398.8268,0.6539
without_original_language,37,2015,2016-2017,59456471.5159,130732088.8751,0.6519
full_model,38,2015,2016-2017,59458394.2537,130209065.3581,0.6547
without_cast_previous_movie_count,37,2015,2016-2017,59473798.0214,130561995.0457,0.6528
without_production_company_previous_movie_count,37,2015,2016-2017,59511645.6911,130539491.8523,0.6529
without_is_sequel,37,2015,2016-2017,59512358.4610,130330122.3402,0.6540
without_production_company_previous_success_rate,37,2015,2016-2017,59535287.3721,130175346.4328,0.6549
without_cast_previous_success_rate,37,2015,2016-2017,59545208.8541,130644976.0132,0.6524
without_director_previous_avg_rating,37,2015,2016-2017,59587761.3495,130323880.3816,0.6541
without_cast_previous_avg_rating,37,2015,2016-2017,59602490.6993,130247700.3844,0.6545
recommended_reduced_model,35,2015,2016-2017,59779790.1111,130623143.2499,0.6525
without_primary_genre,37,2015,2016-2017,59811161.7090,131149271.0409,0.6497
without_cast_history,33,2015,2016-2017,59930435.6257,131202942.8604,0.6494
without_production_company_previous_avg_revenue,37,2015,2016-2017,60178558.7670,130999773.1334,0.6505
basic_features_only,13,2015,2016-2017,61177509.6874,131745339.4461,0.6465
without_company_history,34,2015,2016-2017,61906119.8344,133616719.8458,0.6364
budget_and_history,14,2015,2016-2017,62877388.3153,135111150.9468,0.6282
without_is_franchise,37,2015,2016-2017,63476646.7665,135254584.7770,0.6274
without_director_history,33,2017,2018-2019,65479134.7238,162612147.7537,0.6531
recommended_reduced_model,35,2017,2018-2019,65865560.1716,166235193.6346,0.6374
without_log_budget_usd,37,2017,2018-2019,65967323.5650,163850421.4576,0.6478
without_budget_usd,37,2017,2018-2019,65987936.8373,163860783.3895,0.6477
without_cast_previous_avg_revenue,37,2017,2018-2019,66135972.0581,162988284.3062,0.6515
without_director_previous_avg_revenue,37,2017,2018-2019,66139282.3656,164351838.4038,0.6456
without_cast_previous_movie_count,37,2017,2018-2019,66298694.4003,165040647.0692,0.6426
full_model,38,2017,2018-2019,66421867.0611,164600182.6004,0.6445
without_director_previous_avg_rating,37,2017,2018-2019,66422100.2596,163770159.7171,0.6481
without_production_company_previous_movie_count,37,2017,2018-2019,66464568.7559,162258180.7747,0.6546
without_director_previous_movie_count,37,2017,2018-2019,66467082.9645,163885605.8158,0.6476
without_genre_count,37,2017,2018-2019,66564144.9631,164705626.1513,0.6441
without_director_previous_max_revenue,37,2017,2018-2019,66577516.5252,165507624.1562,0.6406
without_company_count,37,2017,2018-2019,66608313.1105,165383186.8328,0.6412
without_cast_previous_success_rate,37,2017,2018-2019,66725113.9710,164668180.5657,0.6442
without_release_year,37,2017,2018-2019,66725490.7989,164685778.6416,0.6442
without_franchise_previous_success_rate,37,2017,2018-2019,66735144.5821,165171066.7029,0.6421
without_original_language,37,2017,2018-2019,66849322.2658,165683579.9508,0.6398
without_is_sequel,37,2017,2018-2019,66912255.2929,165210794.3275,0.6419
without_primary_genre,37,2017,2018-2019,66944407.3100,165427298.8551,0.6410
without_production_company_previous_max_revenue,37,2017,2018-2019,66947903.5393,166559808.9701,0.6360
without_franchise_history,30,2017,2018-2019,66990656.7044,165232645.7890,0.6418
without_runtime_minutes,37,2017,2018-2019,66994768.2887,165908291.2361,0.6389
without_franchise_previous_median_revenue,37,2017,2018-2019,67038527.5298,165970269.1394,0.6386
without_is_holiday_release,37,2017,2018-2019,67045758.6781,165390916.6446,0.6411
without_director_previous_success_rate,37,2017,2018-2019,67053528.6693,165403805.9538,0.6411
without_franchise_previous_movie_count,37,2017,2018-2019,67106460.1105,166163374.9011,0.6378
without_franchise_previous_avg_revenue,37,2017,2018-2019,67112367.4466,166154072.3188,0.6378
without_release_month,37,2017,2018-2019,67112825.6857,165705527.4689,0.6398
without_franchise_previous_latest_success,37,2017,2018-2019,67121364.0530,166260962.5868,0.6373
without_franchise_previous_max_revenue,37,2017,2018-2019,67137797.4075,166682716.8532,0.6355
without_franchise_previous_last_revenue,37,2017,2018-2019,67146783.2144,166263693.2008,0.6373
without_cast_history,33,2017,2018-2019,67190721.3302,165410465.9787,0.6410
without_cast_size_top10,37,2017,2018-2019,67191851.8734,165968952.9890,0.6386
without_is_summer_release,37,2017,2018-2019,67199354.2090,166355070.8320,0.6369
without_production_company_previous_success_rate,37,2017,2018-2019,67219132.6218,164927364.4711,0.6431
without_franchise_previous_avg_rating,37,2017,2018-2019,67290665.8822,164869718.6153,0.6434
without_country_count,37,2017,2018-2019,67297614.6703,165592839.9302,0.6402
without_cast_previous_avg_rating,37,2017,2018-2019,67340474.9118,167856825.4834,0.6303
without_cast_previous_max_revenue,37,2017,2018-2019,67434131.7831,166816712.7565,0.6349
without_release_season,37,2017,2018-2019,67479978.4418,167064225.2376,0.6338
without_production_company_previous_avg_revenue,37,2017,2018-2019,67676416.6979,167918345.0799,0.6301
basic_features_only,13,2017,2018-2019,67745954.9985,162559803.7724,0.6533
without_is_franchise,37,2017,2018-2019,68802007.2970,168358835.1645,0.6281
without_company_history,34,2017,2018-2019,68870897.6440,169233654.0258,0.6242
budget_and_history,14,2017,2018-2019,69312512.1000,173608014.3707,0.6046
