task,model,split,MAE_usd,RMSE_usd,R2,accuracy_pct,precision_pct,recall_pct,F1_pct,ROC_AUC_pct,threshold
Regression,ridge,validation,90176809.7207,173215084.1721,0.2365,,,,,,
Regression,ridge,test,103542738.9422,223683424.9928,0.3929,,,,,,
Regression,random_forest,validation,82560735.4513,158820113.4306,0.3582,,,,,,
Regression,random_forest,test,99956359.2406,216625423.6425,0.4306,,,,,,
Regression,gradient_boosting,validation,79484956.2016,150018620.4112,0.4273,,,,,,
Regression,gradient_boosting,test,104499103.3644,236550738.0603,0.3211,,,,,,
Classification,logistic_regression,test,,,,63.8554,78.5714,63.8393,70.4433,70.7011,0.3000
Classification,random_forest,test,,,,63.8554,81.3253,60.2679,69.2308,71.3211,0.4000
Classification,gradient_boosting,test,,,,62.6506,90.3226,50.0000,64.3678,75.2770,0.6500
